Youtuber;subscribers;views;category
T-Series;245000000;2.28E+11;Music
YouTube Movies;170000000;0;Film & Animation
MrBeast;166000000;28368841870;Entertainment
Cocomelon - Nursery Rhymes;162000000;1.64E+11;Education
SET India;159000000;1.48E+11;Shows
Music;119000000;0;nan
ýýý Kids Diana Show;112000000;93247040539;People & Blogs
PewDiePie;111000000;29058044447;Gaming
Like Nastya;106000000;90479060027;People & Blogs
Vlad and Niki;98900000;77180169894;Entertainment
Zee Music Company;96700000;57856289381;Music
WWE;96000000;77428473662;Sports
Gaming;93600000;0;nan
BLACKPINK;89800000;32144597566;People & Blogs
Goldmines;86900000;24118230580;Film & Animation
Sony SAB;83000000;1.01E+11;Shows
5-Minute Crafts;80100000;26236790209;Howto & Style
BANGTANTV;75600000;20826993957;Music
Sports;75000000;0;nan
Justin Bieber;71600000;30608119724;Music
HYBE LABELS;71300000;28634566938;Music
Zee TV;70500000;73139054467;Entertainment
Pinkfong Baby Shark - Kids' Songs & Stories;68200000;38843229963;Education
Canal KondZilla;66500000;36775585925;Music
ChuChu TV Nursery Rhymes & Kids Songs;65900000;45757850229;Education
Shemaroo Filmi Gaane;65600000;28648024439;Music
Colors TV;64600000;61510906457;Shows
T-Series Bhakti Sagar;61000000;29533230328;Music
Dude Perfect;59500000;16241549158;Sports
Movieclips;59500000;59316472754;Film & Animation
Tips Official;59300000;33431802698;Music
El Reino Infantil;58400000;57271630846;Music
Wave Music;58000000;40602020243;Music
Aaj Tak;57600000;25307753534;News & Politics
Sony Music India;57200000;28837144516;Music
EminemMusic;56900000;27073872856;Music
Marshmello;56400000;14696003229;Entertainment
YRF;54600000;35302243691;Film & Animation
LooLoo Kids - Nursery Rhymes and Children's Songs;54000000;32312431239;Music
Ed Sheeran;53500000;30367676736;Music
Infobells - Hindi;53300000;30516172739;Education
Taylor Swift;52900000;29884657286;Music
Ariana Grande;52700000;24004842608;Music
BillionSurpriseToys  - Nursery Rhymes & Cartoons;52200000;9877365274;Education
JuegaGerman;48100000;14631710289;Gaming
Billie Eilish;47900000;13626331061;Music
Get Movies;47500000;30788679536;Entertainment
Shemaroo;47400000;22519705183;Entertainment
Badabun;46800000;19398045702;Entertainment
SonyMusicIndiaVEVO;46600000;27286058807;Music
A4;46300000;22936630813;Gaming
Bad Bunny;46100000;30686342319;Music
Fernanfloo;46100000;10323391593;Gaming
Voot Kids;45500000;21388725229;Entertainment
Felipe Neto;45200000;16602198273;Entertainment
Vocï¿½ï¿½ï¿½;44700000;7828610828;Entertainment
HAR PAL GEO;44600000;41139050371;Entertainment
BRIGHT SIDE;44500000;10708531817;Howto & Style
Katy Perry;44200000;25458952022;Music
whinderssonnunes;44200000;4274709210;Comedy
ABS-CBN Entertainment;44200000;50292540392;People & Blogs
Alan Walker;43700000;12884264778;Music
HolaSoyGerman.;43600000;4831311245;Entertainment
Shakira;43500000;27568757295;People & Blogs
ýýýýýýýý ýý ýýýýýýýýýýýýýý;43200000;36458726976;Film & Animation
ARY Digital HD;43200000;37939780685;Entertainment
Speed Records;42500000;26820902622;Music
Masha and The Bear;42400000;24519022988;Shows
Like Nastya Show;42400000;19547696190;Entertainment
Rihanna;41900000;22477745835;Entertainment
Ishtar Music;41400000;17608931161;Trailers
Kimberly Loaiza;41300000;5603111948;People & Blogs
Little Baby Bum - Nursery Rhymes & Kids Songs;40900000;39450824833;Education
Luisito Comunica;40600000;8670473639;Comedy
elrubiusOMG;40400000;7410536668;Gaming
Toys and Colors;40300000;47005053156;Entertainment
shfa2 - ï¿½ï¿½;39700000;23884824160;People & Blogs
LUCCAS NETO - LUCCAS TOON;39400000;22302547082;People & Blogs
CarryMinati;39200000;3294013141;Comedy
XXXTENTACION;39200000;10507474316;Music
Super Simple Songs - Kids Songs;39200000;44900897958;Education
Mikecrack;39100000;16118181673;Gaming
WorkpointOfficial;39000000;36131228583;Entertainment
GR6 EXPLODE;38900000;25154232306;Music
TEDx Talks;38600000;7339333120;Nonprofits & Activism
shfa;38400000;21528116909;People & Blogs
Goldmines Gaane Sune Ansune;38300000;16718192386;Music
One Direction;38200000;13598903820;Music
TheEllenShow;38200000;22756581750;Entertainment
Sony PAL;38200000;28519339489;Shows
Daddy Yankee;38000000;22731415608;Music
Vlad vï¿½ï¿½ï;37900000;23510152352;nan
Like Nastya ESP;37600000;18208196857;Entertainment
ýýýýýýýýýýýý one31;37500000;27262462114;Entertainment
Jkk Entertainment;37200000;16402066717;Comedy
ABP NEWS;37000000;13102611515;People & Blogs
Maria Clara & JP;37000000;24188861917;People & Blogs
Bruno Mars;36700000;19378155425;Music
Maroon 5;36600000;22553923546;Music
Ultra Bollywood;36600000;15653786446;Trailers
PowerKids TV;36500000;18961241905;Film & Animation
YouTube;36300000;3010784935;News & Politics
News;36300000;0;nan
Ozuna;36200000;23355801606;Music
MrBeast Gaming;36100000;6331332547;Gaming
La Granja de Zenï¿½;35700000;27118354077;Music
Saregama Music;35500000;15657673422;Entertainment
IndiaTV;35500000;16105023749;News & Politics
T-Series Bollywood Classics;35400000;22637783517;Music
Total Gaming;35400000;5556364230;Gaming
Markiplier;35200000;20297931219;Gaming
Ryan's World;35200000;55299840198;Entertainment
Genevieve's Playhouse - Learning Videos for Kids;34900000;25607397308;Education
T-Series Apna Punjab;34600000;21306315429;Music
Techno Gamerz;34400000;9690499664;Gaming
Geet MP3;34300000;12746535822;Music
J Balvin;34100000;23005313609;Music
Jess No Limit;34000000;3963007415;Entertainment
Jingle Toons;34000000;11351015824;Film & Animation
VEGETTA777;33800000;15432929204;Gaming
Galinha Pintadinha;33800000;27274550757;Film & Animation
SSSniperWolf;33700000;23492684419;Gaming
Desi Music Factory;33700000;10189027455;Music
Selena Gomez;33600000;13013567335;Film & Animation
Rajshri;33500000;14864294792;Music
Ch3Thailand;33500000;29611914495;Entertainment
KHANDESHI MOVIES;33500000;11405809704;Comedy
NoCopyrightSounds;33400000;10530729078;Music
CVS 3D Rhymes & Kids Songs;33400000;20269857567;Education
Ricis Official;33300000;5994136760;People & Blogs
BabyBus - Kids Songs and Cartoons;32800000;26355088167;Education
Eros Now Music;32700000;17853798780;Entertainment
BETER Bï¿½ï¿½;32700000;19180039918;nan
DisneyMusicVEVO;32700000;28516250629;Music
The Weeknd;32600000;23379969006;Music
WowKidz;32200000;16613441479;Film & Animation
KAROL G;32100000;18699145555;Music
Mr Bean;32100000;10602236110;Shows
rezendeevil;32100000;13061739758;Gaming
StarPlus;32000000;26800674545;Entertainment
SMTOWN;31900000;27330239663;Music
GMA  Network;31900000;19428308461;Entertainment
GENIAL;31800000;6762424690;Howto & Style
MR. INDIAN HACKER;31700000;5711208484;Science & Technology
Worldwide Records Bhojpuri;31700000;16476978876;Music
DONA ï¿½ï¿½;31700000;21031745531;Entertainment
Dream;31700000;2930015381;Gaming
Lucas and Marcus;31600000;11615848291;Entertainment
JustinBieberVEVO;31600000;26583873105;Music
Luis Fonsi;31400000;15176762479;Entertainment
Peppa Pig - Official Channel;31400000;22919271731;Film & Animation
YOLO AVENTURAS;31200000;9673649438;People & Blogs
The Tonight Show Starring Jimmy Fallon;31200000;17111726160;Comedy
TheDonato;31200000;6187804950;Entertainment
ImagineDragons;30700000;16793072362;Music
Diana and Roma ESP;30700000;12355992466;nan
Round2hell;30700000;3145161634;Comedy
Zee News;30500000;16709857823;News & Politics
AboFlah;30500000;4521573939;Gaming
AH;30400000;4332274962;Entertainment
Trap Nation;30400000;14037426379;Music
ýýýýýýýýýýýýýýý ýýýýýý ýýýýýýýýýýýýýýýýýý;30400000;17999961915;nan
Boram Tube Vlog [ï¿½ï¿½ï¿½ï¿½ï¿½ï¿½ï¿½ï¿½ï¿;30300000;13546549817;Entertainment
Adele;30200000;14199108016;Music
Talking Tom;30200000;15199330166;Comedy
ýýýýýýýý ýýýýýýýý ýýýýýýýýýý | toyoraljanahtv;30200000;27684955537;Entertainment
Frost Diamond;30100000;7277493940;Gaming
Spinnin' Records;30100000;19607009165;Music
Little Angel: Nursery Rhymes & Kids Songs;30100000;22593193994;Education
jacksepticeye;30100000;16246625836;Gaming
Shawn Mendes;30000000;12831200855;Music
ashish chanchlani vines;29800000;4457913639;Comedy
Ultra Records;29600000;17208027242;Music
Popular on YouTube;29300000;0;nan
Maluma;29300000;21226945136;Music
Zhong;29200000;14727238483;Entertainment
Enaldinho;29200000;11627437847;Comedy
AuronPlay;29200000;4079141673;Comedy
Shorts Break;29000000;19466238065;Comedy
infobells - Tamil;28900000;17930570614;Education
Aditya Music India;28500000;25857994495;Music
The Late Late Show with James Corden;28400000;9956764048;Entertainment
Aditya Movies;28400000;10062770060;Movies
Masha y el Oso;28300000;13577142726;Film & Animation
infobells - Telugu;28300000;14814192034;Education
HUM TV;28300000;23844936965;Entertainment
Shemaroo Movies;28200000;7600740993;Entertainment
Michael Jackson;28200000;14412474625;Music
Drake;28100000;15318895118;Music
Goldmines Dishoom;28000000;8603468420;Film & Animation
Sandeep Maheshwari;27800000;2303069221;People & Blogs
Bounce Patrol - Kids Songs;27800000;21037851468;Music
toycantando;27700000;15777682516;Music
MrBeast 2;27500000;4552581106;People & Blogs
Wiz Khalifa;27500000;13379395501;Music
JYP Entertainment;27400000;19883150017;Music
ýýý Kids Roma Show;27400000;10336420490;People & Blogs
DanTDM;27400000;19417887510;Gaming
Nick Jr.;27300000;22440611155;Film & Animation
Crazy XYZ;27300000;7705492350;Entertainment
ToyPuddingTV;27100000;15916882228;Entertainment
Dushyant kukreja;27100000;17318452893;Entertainment
Gulshan Kalra;27100000;12732444881;Howto & Style
Brent Rivera;27000000;6570935979;Comedy
Renato Garcia YT;26900000;7938616641;Entertainment
Beast Reacts;26700000;4388047013;People & Blogs
enchufetv;26700000;10317306313;Comedy
Netflix;26700000;7173668905;Entertainment
Raffy Tulfo in Action;26500000;15065753455;News & Politics
WORLDSTARHIPHOP;26500000;20358117330;Music
Goldmines Bollywood;26400000;8595760553;Film & Animation
Alan Chikin Chow;26400000;27006526665;Comedy
PANDA BOI;26400000;17211600007;Entertainment
BB Ki Vines;26300000;4749833967;Entertainment
D Billions;26200000;31977463002;nan
Junya.ï¿½ï¿½ï¿½ï¿½;26200000;16097531087;Entertainment
Smosh;26100000;10435474336;Comedy
1MILLION Dance Studio;26100000;7886440199;Entertainment
NichLmao;26000000;14101010609;People & Blogs
Beyoncï¿;26000000;17308961985;Music
Marï¿½ï¿½ï¿½ï¿½ï¿½;26000000;18597534412;Music
Indosiar;25900000;11372071889;Music
VanossGaming;25800000;15541421838;Gaming
David Guetta;25700000;17793809548;Music
LosPolinesios;25700000;7466926260;People & Blogs
Nicki Minaj;25700000;10242981063;Music
Fede Vigevani;25600000;7962725960;Howto & Style
TaylorSwiftVEVO;25600000;25592378292;Music
ZHC;25500000;2726917087;Film & Animation
Post Malone;25500000;14401218086;Music
Rans Entertainment;25400000;6430853035;People & Blogs
LankyBox;25400000;34300482066;Comedy
Coldplay;25300000;17331663193;Music
Las Ratitas;25200000;9602246828;People & Blogs
WB Kids;25200000;11081602368;People & Blogs
ABPLIVE;25200000;7968363381;People & Blogs
Chris Brown;25200000;15520569496;Music
The Lallantop;25200000;10409352249;News & Politics
RihannaVEVO;25100000;19458807708;Music
WatchMojo.com;25100000;16357064198;Music
TRANS7 OFFICIAL;25000000;14169516119;Entertainment
Anuel AA;25000000;14827085149;Music
Dan Rhodes;24800000;17387583720;Entertainment
Yuya;24800000;2588501115;Howto & Style
America's Got Talent;24800000;3699352704;Entertainment
mujjuu___14;24800000;14655527943;People & Blogs
EminemVEVO;24700000;20531704527;Music
Chloe Ting;24700000;2994726412;Howto & Style
KatyPerryVEVO;24600000;23755792542;Music
Mark Rober;24600000;3647987299;Science & Technology
1theK (ï¿½ï¿½ï¿½ï¿½ï;24500000;23962070944;Music
Like Nastya AE;24400000;12385924995;Entertainment
Amit Bhadana;24300000;2380248899;Entertainment
Pen Movies;24300000;6608773195;Film & Animation
MrBeast en Espaï¿½ï;24200000;2700914170;Entertainment
shfa show India;24200000;15724160183;nan
Super JoJo - Nursery Rhymes & Kids Songs;24100000;329774870;nan
Alejo Igoa;24100000;10999000479;Comedy
Daniel LaBelle;24100000;12916159065;Comedy
netd mï¿½ï¿;24100000;56106087508;Music
DJ Snake;24100000;8425505919;Music
Diana and Roma ARA;24100000;11041261296;nan
KSI;24100000;6002166932;Entertainment
Spider Slack;24000000;13943030228;Comedy
Goldmines Movies;24000000;5652938599;Film & Animation
Preston;24000000;8279004442;Gaming
James Charles;23900000;4067878931;Entertainment
Collins Key;23900000;6582932625;Entertainment
Diana and Roma EN;23900000;7213499085;People & Blogs
Venus Entertainment;23800000;5663125358;Entertainment
Troom Troom;23800000;10414479943;Howto & Style
Enrique Iglesias;23800000;17688774915;Music
Ninja;23700000;2543809954;Gaming
FaZe Rug;23700000;7451792132;Gaming
Mister Max;23700000;15510153803;People & Blogs
That Little Puff;23700000;20289689389;Pets & Animals
NickyJamTV;23600000;15901824841;Music
Juan De Dios Pantoja;23600000;2135644776;Entertainment
Logan Paul;23600000;5994002464;Entertainment
Maya and Mary;23600000;6766461070;Entertainment
Peppa Pig Espaï¿½ï¿½ï¿½ï¿½ï¿½ï¿½ï¿½ï¿½ï¿½;23600000;7920637200;Film & Animation
Jelly;23500000;14777034543;Gaming
Miss Katy;23500000;14696994366;People & Blogs
Tilak;23400000;9465863821;Film & Animation
Valentina Pontes ofc;23400000;7926899136;Film & Animation
Sesame Street;23300000;22471357411;Entertainment
Happy Lives;23200000;2634;Science & Technology
Lady Gaga;23200000;15751661213;People & Blogs
Akshay Nagwadiya;23200000;7966720147;Entertainment
Wave Music Bhojpuri;23100000;12889240875;Music
GMM GRAMMY OFFICIAL;23100000;25579831081;Music
TED;23100000;2551113422;People & Blogs
unknown boy varun;23100000;9299371231;Music
Kids TV - Nursery Rhymes And Baby Songs;23100000;13151870846;Shows
Tsuriki Show;23000000;31494513067;Entertainment
Technical Guruji;23000000;3378047383;Science & Technology
DrossRotzank;23000000;6041264489;Entertainment
White Hill Music;23000000;10939966484;Entertainment
Ultra Movie Parlour;22900000;5320485069;Movies
Alan Becker;22900000;5380073627;Film & Animation
toyorbabytv;22900000;16298342829;Music
BabyBus - Canciones Infantiles & Videos para Niï¿½ï;22900000;13206471140;Education
KL BRO Biju Rithvik;22800000;17988347989;Entertainment
Vania Mania Kids;22700000;10115316784;People & Blogs
Like Nastya PRT;22700000;11568118121;Entertainment
Sun TV;22600000;20847038152;People & Blogs
Heroindori;22600000;9223534599;Comedy
The Chainsmokers;22600000;14231943358;Music
mmoshaya;22600000;17507060680;People & Blogs
Sia;22600000;13405849040;Music
LeoNata Family;22600000;27084848152;People & Blogs
Goldmines Cineplex;22500000;2431154438;Film & Animation
Vlad and Niki Arabic;22500000;10613701948;nan
SSundee;22500000;13835173331;Gaming
Paulo Londra;22400000;8040036209;Music
Smile Family;22300000;8663830163;People & Blogs
FGTeeV;22300000;24059336857;Gaming
Kinder Spielzeug Kanal (Kidibli);22200000;11136266461;Entertainment
Charlie Puth;22000000;9924807127;Music
Vlad and Niki ESP;22000000;8594440895;nan
Sagawa /ï¿½ï¿½ï¿½;22000000;18347969186;Entertainment
Ben Azelart;21900000;4454917643;Film & Animation
Zach Choi ASMR;21900000;5918314128;People & Blogs
Topper Guild;21900000;15552070846;Comedy
Disney Latinoamï¿½ï¿½;21900000;20657571751;Entertainment
Stokes Twins;21800000;4469711607;People & Blogs
National Geographic;21800000;5614621131;Science & Technology
Dua Lipa;21800000;11288359365;Music
OneDirectionVEVO;21800000;12140232004;Music
Rotana;21800000;19329351143;Music
Netflix India;21800000;7780934187;People & Blogs
Sourav Joshi Vlogs;21700000;9392093496;People & Blogs
ZAMZAM ELECTRONICS TRADING;21700000;8507818877;nan
DUDU e CAROL;21600000;9597894786;Autos & Vehicles
Village Cooking Channel;21600000;5863377051;Howto & Style
Eva Bravo Play;21600000;9346383505;Entertainment
Tekashi 6ix9ine;21500000;5890180734;People & Blogs
Tlnovelas;21500000;15013096899;News & Politics
SMOL;21500000;22065582014;People & Blogs
invictor;21500000;8409641722;Gaming
YOLO;21400000;1573058816;Comedy
Sidhu Moose Wala;21400000;6264261757;Music
The Royalty Family;21300000;6269945014;People & Blogs
Becky G;21300000;10644857969;Music
Ishaan Ali 11;21300000;12761253839;People & Blogs
Infinite;21300000;5141834668;Entertainment
Azhan5star;21300000;10047736580;Entertainment
Dangal TV Channel;21300000;12895427184;Entertainment
Khan GS Research Centre;21200000;2073073070;Education
GMA Public  Affairs;21200000;11364908616;Entertainment
Tasty;21100000;5783557209;Howto & Style
Baim Paula;21100000;4526271677;People & Blogs
nigahiga;21000000;4380564906;Entertainment
Rafa & Luiz;21000000;7762905663;Entertainment
Lyrical Lemonade;21000000;10631638628;Entertainment
Vlad and Niki IDN;21000000;9789121606;nan
Dr. Vivek Bindra: Motivational Speaker;20900000;1693149479;Education
Fatos Desconhecidos;20900000;3828000587;Entertainment
Brave Wilderness;20900000;4927879069;Pets & Animals
LIV Crime;20900000;11058049885;People & Blogs
Minecraft - Topic;20900000;0;nan
Romeo Santos;20900000;17324976752;Music
Canal Canalha;20800000;1870608170;Comedy
Kurzgesagt ï¿½ï¿½ï¿½ï¿½ï¿½ï¿;20800000;2378448129;Education
Yoeslan;20700000;17963202261;Entertainment
5-Minute Crafts DIY;20700000;5091618606;Howto & Style
Zach King;20700000;5410164682;Entertainment
tuzelity SHUFFLE;20700000;8658941531;People & Blogs
NBA;20700000;12624879732;Sports
Deddy Corbuzier;20600000;4956090094;Entertainment
Bizarrap;20600000;7657171980;Comedy
Avicii;20600000;10292874715;Music
Mnet K-POP;20500000;15038593883;Entertainment
LazarBeam;20500000;8768697257;Gaming
Ninja Kidz TV;20500000;11009148579;Entertainment
Totoy kids - Portuguï¿½;20400000;1796227417;Film & Animation
Jake Paul;20400000;7311322368;People & Blogs
Linkin Park;20400000;13397000296;Music
Vijay Television;20400000;29406206620;Entertainment
SlivkiShow;20400000;4707412332;Entertainment
Emiway Bantai;20400000;3579555124;Music
Got Talent Global;20300000;2441288701;Entertainment
ýýýýýýýýýýýýýýý - Genevieve's Playhouse;20300000;11022391339;Education
BabyBus - Cerita & Lagu Anak-anak;20300000;11819051552;Education
Ami Rodriguez;20200000;2951914200;Entertainment
Noor Stars;20200000;2764127969;Comedy
Family GamesTV;20200000;7066711323;Entertainment
Kiddiestv Hindi - Nursery Rhymes & Kids Songs;20200000;7274150246;Education
dednahype;20200000;20919403720;Comedy
Marta and Rustam;20200000;19694265358;Comedy
MiawAug;20200000;6098644584;Gaming
CookieSwirlC;20100000;23353115850;Entertainment
Skrillex;20100000;6618524158;Music
AuthenticGames;20100000;8920141342;Gaming
Robin Hood Gamer;20100000;10366850490;Entertainment
Pencilmation;20100000;11317309935;Film & Animation
7clouds;20100000;14816075927;Music
5-Minute Crafts PLAY;20100000;6119294270;Howto & Style
Marvel Entertainment;20100000;5634695322;Entertainment
BuzzFeedVideo;20100000;17913237851;People & Blogs
REACT;20000000;13154314376;Entertainment
Vevo;20000000;559765455;Music
Gordon Ramsay;20000000;3875172235;Entertainment
Pentatonix;20000000;6033295543;Music
Green Gold TV - Official Channel;20000000;9715291883;Film & Animation
Gusttavo Lima Oficial;19900000;13917423958;Music
HaerteTest;19800000;3234880084;Science & Technology
Crafty Panda;19800000;5759442450;People & Blogs
SOMOY TV;19800000;12293479945;News & Politics
JennaMarbles;19700000;1803249241;Comedy
Troom Troom Es;19700000;7452667615;People & Blogs
Official Pink Panther;19700000;10955619815;Film & Animation
Britain's Got Talent;19700000;11323617496;Entertainment
SCTV;19700000;9808676159;Entertainment
AS Gaming;19600000;2851024430;Gaming
Sony AATH;19600000;13930021471;Shows
tabii Urdu;19600000;8779729549;Entertainment
DaFuq!?Boom!;19600000;7906181776;Film & Animation
Clash of Clans;19600000;3961318438;Gaming
RKD Studios;19500000;5234251168;Entertainment
DLS News;19400000;2255542592;News & Politics
JukiLop;19400000;1577859332;People & Blogs
etvteluguindia;19400000;23038014291;Entertainment
FIFA;19400000;5529131886;Sports
Manoj  parihar;19300000;264228052;nan
Vsauce;19300000;2897907132;Science & Technology
Unbox Therapy;19300000;4508184467;Science & Technology
shane;19200000;4329121104;People & Blogs
Sonotek;19200000;7590582024;Entertainment
Jimmy Kimmel Live;19100000;13124645973;Entertainment
TheOdd1sOut;19100000;4566120190;Comedy
Goldmines Great Indian Comedy;19100000;5194942269;Film & Animation
Lil Nas X;19100000;6339584661;Music
ýýýýýýýýýýýýýý ýýýý;19000000;4924054368;Education
SUPER SLICK SLIME SAM;19000000;7229175322;Howto & Style
Wow Kidz Action;19000000;8281724393;Film & Animation
Turma da Mï¿½ï¿½;19000000;13824277846;Film & Animation
Calvin Harris;19000000;16014044618;Music
KBS WORLD TV;19000000;15126092508;Entertainment
HiMan;18900000;2855519150;People & Blogs
Masha e o Urso;18900000;8301731337;Shows
Little Angel Espaï¿½ï¿½ï¿½ï¿½ï¿½ï¿½ï¿½ï¿½ï¿½;18900000;9813245108;Education
TED-Ed;18800000;3654621568;Education
Sidemen;18800000;5257834105;Entertainment
Cardi B;18800000;7634430188;People & Blogs
Busy Fun Ltd;18800000;7762077012;nan
Farruko;18800000;9573641299;Music
ýýýýýýýýýýýýýýýýýýýýýý;18800000;9594188708;Entertainment
Triggered Insaan;18800000;3276891538;Comedy
CKN;18700000;12295637162;Entertainment
Ali-A;18700000;6148303268;Gaming
Shemaroo Comedy;18600000;6047584292;Entertainment
Smile Family Spanish;18600000;7008250496;nan
GRAMMY GOLD OFFICIAL;18600000;20196704276;Music
ýýýýýýýý ýýýýýýýýýý ýýýýýýýýýý | Arab Games Network;18600000;8761255550;Gaming
Dan-Sa / Daniel Saboya;18500000;2908120896;Music
Marmok;18500000;3457618361;Gaming
The ACE Family;18500000;4558380251;People & Blogs
Like Nastya Vlog;18500000;8147575884;People & Blogs
Willie Salim;18500000;4051072188;People & Blogs
PDK Films;18400000;4120324310;Entertainment
TheWillyrex;18400000;7038827526;Comedy
RsiamMusic : ï¿½ï¿½ï¿½ï¿½ï¿½ï¿½ï¿½ï¿½;18400000;11544297793;Music
Dhar Mann;18400000;11280732382;People & Blogs
shakiraVEVO;18400000;25367126292;Music
Naisa Alifia Yuriza (N.A.Y);18300000;1606834186;People & Blogs
Miley Cyrus;18300000;7760819588;Entertainment
IShowSpeed;18300000;1556003039;Gaming
Good Mythical Morning;18300000;8798044678;Entertainment
Bobby chourasiya;18200000;9937823152;People & Blogs
INCRï¿½ï¿;18200000;3213324455;People & Blogs
Jake Fellman;18100000;13378360425;Entertainment
GEN HALILINTAR;18100000;3306242674;Entertainment
SQUEEZIE;18100000;9983065083;Gaming
Blippi - Educational Videos for Kids;18100000;14857290259;Education
officialpsy;18100000;10703830496;Music
Ajay Sharma;18100000;12249828886;Entertainment
Manual do Mundo;18000000;3980991248;Howto & Style
How Ridiculous;18000000;9601137077;Sports
And TV;18000000;15412333005;Entertainment
Sebastiï¿½ï¿½ï¿½;18000000;10463166404;News & Politics
SonyMusicSouthVEVO;18000000;17921124985;Music
TheGrefg;18000000;6404852037;Gaming
BeatboxJCOP;18000000;8716982055;Film & Animation
David Dobrik;17900000;7176572299;People & Blogs
KatieAngel;17900000;3841205465;People & Blogs
RobleisIUTU;17900000;5168721499;Entertainment
Lele Pons;17900000;5244917119;Comedy
Demi Lovato;17900000;6888074944;Music
Like Nastya VNM;17900000;9867515979;Entertainment
Jason Derulo;17900000;9887116267;Music
MGC Playhouse;17900000;16174530046;Shows
Zuni and Family;17900000;6746269458;People & Blogs
Priyal Kukreja;17800000;11057945183;People & Blogs
MSA previously My Story Animated;17800000;8588704539;Film & Animation
ýýýýýýýýý KIMPRO;17700000;19206701832;nan
Jane ASMR ï¿½ï¿½;17700000;7387621644;nan
ArianaGrandeVevo;17700000;20115544708;Music
jaanvi patel;17700000;7912733203;People & Blogs
tanboy kun;17700000;3647267655;People & Blogs
Lil Pump;17700000;4196061192;Music
Porta dos Fundos;17700000;7739048000;Entertainment
News 24;17700000;8396875537;News & Politics
Les' Copaque Production;17700000;9059696049;Film & Animation
El Payaso Plim Plim;17700000;17247584185;Film & Animation
zbing z.;17600000;9269174070;Gaming
MissaSinfonia;17600000;2274007523;Comedy
ýýýýýýýýý Liziqi;17600000;2977741577;Howto & Style
The Game Theorists;17600000;3752347262;Gaming
DeGoBooM;17600000;6306204566;Gaming
JFlaMusic;17600000;3802280098;Music
FactTechz;17500000;2238134438;Entertainment
News18 India;17500000;7263619576;News & Politics
Fun For Kids TV - Hindi Rhymes;17500000;7612385622;Entertainment
IGN;17500000;16107116549;Gaming
Aphmau;17400000;17763586483;Gaming
AMARINTV : ï¿½ï¿½ï¿½ï¿½ï¿½ï¿½ï¿½ï¿½ï¿½ï¿½ï¿½ï¿½;17400000;13043561912;Entertainment
ýýýýýýýýýýýýýýýý - Al-Remas;17400000;11144195464;Music
Koray Zeynep;17400000;16560557488;People & Blogs
Apple;17300000;1026425106;Science & Technology
Stubborn Facts;17300000;902225615;Film & Animation
Taarak Mehta Ka Ooltah Chashmah;17300000;11371738047;Entertainment
HowToBasic;17300000;3684816159;Howto & Style
PopularMMOs;17200000;14573155899;Gaming
Marques Brownlee;17200000;3606912471;Science & Technology
Anitta;17200000;7337212581;Music
Jason Vlogs;17200000;8903647480;Education
El Reino a Jugar;17200000;11445492404;Education
Willyrex;17200000;5024088947;Gaming
TheBrianMaps;17100000;4448334716;Comedy
TRANS TV Official;17100000;9710962528;Entertainment
Liza Koshy;17100000;2173106162;Comedy
Queen Official;17000000;10847948832;Music
Prajapati News;17000000;1001465469;Comedy
Gaby and Alex;17000000;8229883114;Entertainment
LuisFonsiVEVO;17000000;14543594822;Music
Pop Chartbusters;16900000;8684010451;Music
Guava Juice;16900000;9111000228;Gaming
EeOneGuy;16900000;3827906874;Entertainment
VICE;16900000;4609753237;Entertainment
Aayu and Pihu Show;16900000;9270331567;Comedy
Danny Fitt;16900000;9544277833;People & Blogs
Bispo Bruno Leonardo;16900000;3523578665;Nonprofits & Activism
DeToxoMoroxo;16800000;2315962318;Entertainment
Doggy Doggy Cartoons;16800000;6518418501;Entertainment
deepesh zo;16800000;7206462713;People & Blogs
Like Nastya IDN;16800000;7195314800;Entertainment
Gato Galactico | GALï¿½ï¿;16800000;3693798804;Film & Animation
Salman Noman;16700000;10393037902;Entertainment
CoryxKenshin;16700000;7102965621;Gaming
With Kids[ï¿½ï¿½ï¿½ï¿½ï;16700000;8826138204;Entertainment
Travis Scott;16700000;7979736581;Music
Tu COSMOPOLIS;16700000;5089284369;People & Blogs
Ivana Alawi;16600000;1318442641;nan
Werever2morro;16600000;2798273962;Entertainment
IDEAS EN 5 MINUTOS;16600000;3696973456;Howto & Style
NMF News;16600000;7435180827;News & Politics
SriBalajiMovies;16600000;9439857193;Entertainment
Lahari Music - TSeries;16600000;11946217860;Music
Younes Zarou;16600000;15278668857;Entertainment
Jordan Matter;16600000;5819508534;Entertainment
ýýýýýýýý ýýýýýýýýýýýýýýýýýýýýýý;16500000;2440934034;Entertainment
FailArmy;16500000;3037260680;Comedy
BBC News Hindi;16500000;7043235131;News & Politics
FunFun Toy Doll TV;16500000;7406207930;Entertainment
Sandra Cires Art;16400000;3955426159;Howto & Style
Kaykai Salaider;16400000;4434679706;Comedy
UFC - Ultimate Fighting Championship;16400000;7135820721;Sports
Ch7HD;16400000;9463244435;Entertainment
RCTI - LAYAR DRAMA INDONESIA;16400000;13478392540;Entertainment
Alfredo Larin;16400000;14431830557;Entertainment
GMMTV OFFICIALï¿½ï¿½;16400000;12844432341;Entertainment
Matt Stonie;16300000;3527627264;Entertainment
Boyce Avenue;16300000;6578828147;Music
Camila Cabello;16300000;6613422635;Music
Little Mix;16300000;7520242626;Music
SAM SMITH;16300000;10170264839;Music
Pitbull;16300000;12475714382;Music
Bollywood Classics;16300000;7141825267;Entertainment
Technoblade;16300000;1656452554;Gaming
W2S;16300000;4768370464;Gaming
Jennifer Lopez;16200000;10227242833;Music
Kids Play;16200000;8091706232;Entertainment
T3ddy;16200000;2990185467;Comedy
JJ Olatunji;16200000;4076692623;Gaming
POPS Kids;16200000;9763592867;Music
Thairath Online;16200000;14563841315;News & Politics
LEGO;16200000;20522339099;Entertainment
XO TEAM;16200000;14784781923;People & Blogs
AdMe;16200000;4488680903;Entertainment
ExtraPolinesios;16200000;4813127504;People & Blogs
Dyland PROS;16100000;1517638132;Entertainment
Live;16100000;0;nan
Vlad and Niki ARA;16100000;7399296005;nan
Canal IN;16100000;2687443643;People & Blogs
TWICE;16100000;5055576881;Music
Daily Dose Of Internet;16100000;6872702790;Entertainment
FitDance;16100000;7126210721;Music
Panda Shorts;16100000;7155736006;nan
Disney Junior;16100000;15812009296;Entertainment
La Rosa de Guadalupe;16100000;9642146451;Entertainment
sagar kalra (Shorts);16000000;6543629679;People & Blogs
wifistudy;16000000;3018032423;Education
Antrax;16000000;3029872908;Gaming
Enes Batur;16000000;9786595271;Gaming
Totoy kids - Espaï¿½ï;16000000;5997599089;Film & Animation
ýýýýýýýýýý;15900000;1845329502;People & Blogs
DopeLyrics;15900000;9962188084;Music
jeffreestar;15900000;2609358468;Howto & Style
Lyna;15900000;6534326412;Gaming
MK MUSIC;15900000;9198986881;Music
Unspeakable;15900000;9052367553;Gaming
Camilo;15900000;6802382479;Music
Dear Sir;15800000;1349288771;Education
Narendra Modi;15800000;3392918989;News & Politics
Arif muhammad;15800000;4122634467;People & Blogs
Rotten Tomatoes Trailers;15800000;13116313599;Film & Animation
Volga Video;15700000;9787697838;Film & Animation
DM - Desi Melodies;15700000;5914071870;Music
MY FAMILY;15700000;6153495609;nan
Team Films Bhojpuri;15700000;6626563508;Music
Zee Music Classic;15700000;5558051295;Music
Prime Video India;15700000;8696631898;Entertainment
Caeli YT;15600000;1511794214;Entertainment
Kuplinov ï¿½ï¿½ï¿;15600000;6862529416;Gaming
Linus Tech Tips;15600000;7172386509;Science & Technology
Juliana Baltar;15600000;3869457097;Entertainment
5-Minute Crafts FAMILY;15600000;6165757696;People & Blogs
Blippi Espaï¿½ï;15500000;8984089026;People & Blogs
Super Senya;15500000;5070970714;Entertainment
Katakit Baby TV;15500000;6386271870;Music
Infobells Bangla;15500000;7776706184;Education
ýýýýýýýý ýý ýýýýýýýý;15500000;8265129639;Shows
Henrique e Juliano;15500000;14619523361;Music
Mr DegrEE;15500000;12880388253;Science & Technology
Kashvi Adlakha;15500000;12714141740;Entertainment
Talking Tom & Friends;15500000;6396049701;Entertainment
ýýýýýýýý ýýýýýýýýýýýýýý ýýýý 5 ýýýýýýýýýý;15500000;4499826716;Howto & Style
Harsh Beniwal;15400000;1781226000;Comedy
FFUNTV;15400000;11513738907;Gaming
Mobile Legends: Bang Bang;15400000;1543608082;Gaming
Roman Atwood Vlogs;15400000;5469103954;People & Blogs
Mrwhosetheboss;15400000;3736069980;Science & Technology
Genierock;15400000;14564170905;Music
zayn;15400000;4909687948;Music
Kerajinan 5-Menit;15400000;4750420071;People & Blogs
FC Barcelona;15300000;2656528205;Sports
Dave and Ava - Nursery Rhymes and Baby Songs;15300000;10714145606;Education
LOKESH GAMER;15300000;1640078055;Gaming
ILYA BORZOV;15300000;9938811455;People & Blogs
Mazhavil Manorama;15300000;16545966132;Entertainment
Pokï¿½ï¿½ï¿½ï¿½ï¿½ï¿½ï¿½ï¿½ï¿½;15200000;857725714;People & Blogs
The MriDul;15200000;4503880875;Comedy
Niana Guerrero;15200000;1491452935;Entertainment
SRK MUSIC;15200000;6391679636;Music
Sony LIV;15200000;7151683497;Entertainment
T-Series Hamaar Bhojpuri;15200000;7564652648;Entertainment
Oyuncak Avï¿;15200000;8333387785;Entertainment
CNN;15200000;14198154095;News & Politics
NDTV India;15200000;6624168155;News & Politics
It's Mamix;15100000;1777072487;People & Blogs
Kim Loaiza;15100000;1576633086;Music
Daftar Populer;15100000;2143140898;Education
Musas;15100000;2400037562;Howto & Style
Ranz Kyle;15100000;1760131384;People & Blogs
PowerfulJRE;15100000;3060202847;People & Blogs
Mariale;15100000;2761547758;Howto & Style
Makiman131;15100000;4236036141;Gaming
Hongyu ASMR ï¿½ï¿½;15100000;4967784343;People & Blogs
Mohamed Ramadan I ï¿½ï¿½ï¿½ï¿½ï¿½ï¿½ï;15100000;5324913850;People & Blogs
EdisonPts;15100000;6668507856;Gaming
BIGBANG;15100000;7857371770;Music
Rubï¿½ï¿½ï¿½ï¿½ï¿½ï¿½;15100000;9477021288;Comedy
ABS-CBN News;15100000;10489367372;News & Politics
Chapitosiki;15100000;13897932103;Entertainment
AdeleVEVO;15100000;12413869881;Music
MoreAliA;15000000;4352427049;Gaming
Chetan Monga Vlogs;15000000;9924103188;People & Blogs
Little Angel - Mï¿½ï¿½ï¿½ï¿½ï¿½ï¿½ï¿½ï¿½ï¿½ï¿½;15000000;8897705695;Entertainment
League of Legends;15000000;7159750970;Gaming
TheRichest;15000000;2730879024;Education
XpressTV;15000000;4008801873;Entertainment
PlayStation;15000000;4741434420;Gaming
Kwebbelkop;15000000;6889304306;Gaming
Republic Bharat;15000000;7536093065;News & Politics
THE BROWN SIBLINGS;15000000;8658553456;Entertainment
Sony Music South;15000000;9978734160;Music
BigSchool;15000000;9996133066;Gaming
Ray William Johnson;15000000;10239836582;Entertainment
KOMPASTV;15000000;11827310821;News & Politics
ISSEI / ï¿½ï¿½ï¿½ï¿½;15000000;13562853889;Comedy
Zï¿½ï¿½ï¿½ï¿½ï¿½ï¿½ï;15000000;11506702632;Music
A2 Motivation by Arvind Arora;15000000;8932038210;Entertainment
50 Cent;14900000;10069000444;Music
MNCTV OFFICIAL;14900000;8074260978;Entertainment
ERB;14900000;4033400167;Entertainment
melanie martinez;14900000;4395184343;Music
iTownGamePlay *Terror&Diversiï¿½ï;14900000;4977284539;Entertainment
ýýýýýýýýýýýý8 : Thai Ch8;14900000;5549770244;Entertainment
ZutiGang;14900000;15913320995;People & Blogs
ýýýýýý;14900000;439098;People & Blogs
TazerCraft;14900000;5956193599;Gaming
Bayashi TV;14900000;8615618825;Entertainment
Fueled By Ramen;14800000;13356517783;Music
CrashCourse;14800000;1833519700;Education
MattyBRaps;14800000;3587576784;Music
Lachlan;14800000;5269059435;Gaming
ýýýýýýýý ýýýýýýýý;14800000;7018015062;Howto & Style
Meghan Trainor;14800000;8649303688;People & Blogs
Jorge & Mateus Oficial;14800000;9076642765;Music
Major Lazer Official;14800000;9383431376;Music
Beast Philanthropy;14800000;272678287;People & Blogs
Filaretiki;14800000;15788208522;nan
5-Minute Crafts Recycle;14800000;8866012877;People & Blogs
ýýýýýýýýýý ýýýýýýýýýýýý;14700000;2230986039;Entertainment
Maha Fun Tv;14700000;1321380490;Entertainment
Canal Nostalgia;14700000;1506796393;Entertainment
The Slow Mo Guys;14700000;2465473772;Entertainment
StudyIQ IAS;14700000;4029253667;Education
Chad Wild Clay;14700000;6751985988;Comedy
CollegeHumor;14700000;7255848125;Comedy
Netflix Jr.;14700000;8882319696;Education
Colors Rishtey;14700000;12362331529;Entertainment
ABC News;14700000;12961669452;News & Politics
Camila Loures;14700000;4684983333;Music
Doc Tops;14600000;2613197447;Entertainment
Auron;14600000;3337074920;People & Blogs
Jesser;14600000;3603556207;Gaming
Planeta das Gï¿½ï¿½;14600000;4622581344;People & Blogs
PrestonPlayz;14600000;5766647017;Gaming
Martin Garrix;14600000;6017932195;Music
O Reino Infantil;14600000;11182302317;Music
Fifth Harmony;14600000;7952268926;Music
Mis Pastelitos;14600000;2750902766;Howto & Style
Noman Official;14600000;5525773746;Comedy
LEGENDA FUNK;14500000;2440718089;Music
Like Nastya Stories;14500000;6944967581;Entertainment
les boys tv2;14500000;4577292740;Entertainment
Lotus Music;14500000;1739129375;nan
IDEIAS INCRï¿½ï¿½;14500000;3551889957;Howto & Style
Reaction Time;14500000;4260187928;Entertainment
BBC News;14500000;4598387043;News & Politics
Eli Kids - Cartoons & Songs;14500000;4821183481;nan
Boram Tube ToysReview [ï¿½ï¿½ï¿½ï¿½ï¿½ï¿½ï¿½ï¿½ï¿;14500000;5014888374;People & Blogs
Aadishakti Films;14500000;6290721701;Music
Telemundo;14500000;8582696157;Entertainment
GMM25Thailand;14500000;9383692066;Entertainment
TV9 Bharatvarsh;14500000;10303519926;People & Blogs
Maroon5VEVO;14500000;20042571499;Music
Saad Lamjarred | ï¿½ï¿½ï¿½ï¿½ï¿½ï¿;14500000;4315486422;Music
Hear This Music;14500000;9201428420;Music
Lilly Singh;14500000;3517662420;Comedy
ýýýýýýýýýýýýýýýýýýýýý;14400000;600154268;Entertainment
Gyan Gamingï¿½;14400000;2224121890;Gaming
Drawblogs;14400000;1629801448;Entertainment
NOBRU;14400000;351763324;Gaming
ýýýýýýýýýýýý ýýýýýýýýýýýý I ýýýýýý ýý ýýýýýýýýýý;14400000;2972474215;Entertainment
Cyprien;14400000;3086254545;Comedy
Rclbeauty101;14400000;3900312631;Comedy
Coke Studio;14400000;4035738731;Music
Indore Physical Academy;14400000;4156427797;People & Blogs
Rosanna Pansino;14400000;4597228794;Howto & Style
Harry Styles;14400000;5689224452;People & Blogs
Vlad and Niki PRT;14400000;6543282459;nan
RS 1313 SHORTS;14400000;8011977288;Entertainment
Zig & Sharko;14400000;9023952946;Film & Animation
SelenaGomezVEVO;14400000;11423792969;Music
ZEE5;14400000;18515587421;Entertainment
Super Polina;14300000;4776507159;People & Blogs
Rebecca Zamolo;14300000;6388439235;Comedy
Wish 107.5;14200000;6048517979;Music
Invento na Hora;14200000;4040297006;Film & Animation
SIS vs BRO;14200000;6973932553;Entertainment
NikkieTutorials;14200000;1778318927;Howto & Style
TommyInnit;14200000;2084791147;Gaming
E-MasterSensei;14200000;3920559552;Gaming
infobells - Kannada;14200000;6554000320;Education
Crazy Frog;14200000;7946322061;Music
The Dodo;14200000;9964116817;Pets & Animals
SEVENGERS;14200000;10238593147;Comedy
Zee Bangla;14200000;11428794827;Entertainment
DangMattSmith;14200000;3317805543;Entertainment
Neha Kakkar;14100000;2131548711;Music
#Refugio Mental;14100000;3594936775;Entertainment
ýýýýýýýýýýýýýýýýýýýý ýýýýýýýýýýýýýýýýýýýý;14100000;3920221322;Entertainment
Trap City;14100000;5129529846;Music
Supercar Blondie;14100000;5405563355;Autos & Vehicles
Yudist Ardhana;14100000;6036496916;Entertainment
Lana Del Rey;14100000;6884215292;Music
MalumaVEVO;14100000;19013942981;Music
F2Freestylers - Ultimate Soccer Skills Channel;14100000;3280481927;Sports
Bie The Ska;14100000;4627069704;Entertainment
AM3NlC;14000000;4959982720;Gaming
Narins Beauty;14000000;2214167846;Howto & Style
TV Ana Emilia;14000000;4674164601;People & Blogs
ýýýýýýýýýýýý;14000000;7719743112;Gaming
Luli Pampï¿½;14000000;8623705301;Music
Gallina Pintadita;14000000;9660950823;Music
ViralHog;14000000;18917687143;People & Blogs
ETV Jabardasth;14000000;13542939513;People & Blogs
Zee Telugu;14000000;12597067132;Entertainment
Crescendo com Luluca;14000000;5094050461;Entertainment
Jazzghost;13900000;5673347763;Gaming
karameeshchannel;13900000;9106781518;Entertainment
Darkar Company Studios;13900000;2244318380;Film & Animation
Dental Digest;13900000;7450345720;People & Blogs
T-Series Regional;13900000;5217553897;Entertainment
ADEL et SAMI;13900000;5465532801;Entertainment
Jamuna TV;13900000;12129583055;News & Politics
Atlantic Records;13900000;12513842343;Music
ýýýýýýýý ýý ýýýýýýýýýýýý;13900000;8451754769;nan
Veritasium;13900000;2165885634;Education
Alexa Rivera;13900000;3193226072;Howto & Style
Airrack;13800000;2224911030;Entertainment
Hacksmith Industries;13800000;1820559912;Science & Technology
JD Pantoja;13800000;1493776391;People & Blogs
ýýýýýýýý/Atro;13800000;2480957682;Gaming
123 GO! Spanish;13800000;5019136690;People & Blogs
Geo News;13800000;5727888539;News & Politics
Kids TV India Hindi Nursery Rhymes;13800000;6646953396;Shows
Think Music India;13800000;11039343563;Music
O Que Nï¿½ï¿½ï¿½ï¿½ï¿½ï¿;13700000;1967930734;Comedy
Goldmines Premiere;13700000;1973638757;Entertainment
MAIKI021;13700000;1950178163;Entertainment
The Vishal bhatt;13700000;9596430464;Comedy
NishaMadhulika;13700000;2939201386;Howto & Style
MyMissAnand;13700000;4963275018;People & Blogs
FAPTV;13700000;5457203710;Comedy
Wesley Safadï¿½;13700000;8134379376;Music
infobells;13700000;5178142148;Education
Desi Gamers;13700000;2135195239;Gaming
Acenix;13600000;2122062016;Gaming
Zeinab Harake;13600000;896891351;nan
DALLMYD;13600000;1948925559;Sports
Lindsey Stirling;13600000;3764608356;Music
JOJO TV - Hindi Stories;13600000;5141201173;Education
BBC;13600000;9685060624;Pets & Animals
Saturday Night Live;13600000;14717282742;Entertainment
BUDI01 GAMING;13500000;1181292450;Gaming
Typical Gamer;13500000;4301581610;Gaming
Anaysa;13500000;3445794123;Howto & Style
JULIA GISELLA;13500000;5380132790;Entertainment
Awakening Music;13500000;5545936485;Music
Lady Diana;13500000;8265920659;Entertainment
Sanjoy Das Official;13500000;3912334359;Entertainment
Woody & Kleiny;13500000;11717217293;Comedy
Vijay Kumar Viner Vlogs;13500000;7958771872;Entertainment
Conor Maynard;13500000;2750993392;Music
Wengie;13500000;1900272833;Howto & Style
Vlad y Niki Show;13400000;4622628957;nan
Codiscos;13400000;11789678655;Music
The World Adventures ï¿½ï¿½ï¿½ï¿½ï¿½ï¿½;13400000;2139769210;People & Blogs
Vibhu 96;13400000;20563378;nan
Blockbuster Movies;13400000;2650061211;Entertainment
ATHLEAN-Xï¿½;13400000;2319515787;Howto & Style
My Mate Nate;13400000;3363634923;Comedy
H2ODelirious;13400000;4356686216;Gaming
GMA Integrated News;13400000;9569814790;News & Politics
Peet Montzingo;13400000;10022557589;People & Blogs
The Q;13400000;4306212515;People & Blogs
Trakin Tech;13300000;2262690743;Science & Technology
theRadBrad;13300000;6050102764;Gaming
Matt Steffanina;13300000;3299216601;Entertainment
Stray Kids;13300000;3364230487;People & Blogs
Kurt Hugo Schneider;13300000;3733856870;Entertainment
Vogue;13300000;4177184071;Entertainment
ýýýýýýýýýýýýýýýýýý;13300000;6482687220;People & Blogs
Kids Lineï¿½ï¿½ï¿½ï¿½ï¿½ï¿½ï¿½;13300000;9088562002;People & Blogs
VexTrex;13300000;7923901253;Entertainment
penguinz0;13300000;7773543609;Gaming
Just For Laughs Gags;13300000;7406628736;Comedy
Kabita's Kitchen;13300000;2831275503;Howto & Style
BanderitaX;13300000;4129249415;Gaming
AzzyLand;13300000;6412313570;Gaming
HUBAï¿½ï¿½;13200000;9884886099;Entertainment
BIBO ï¿½ï¿½ï¿½ï¿½ï¿½ï¿;13200000;1148422000;Entertainment
Brawl Stars;13200000;2036408398;Gaming
Ei Nerd;13200000;3568392223;Entertainment
Sonotek Bhakti;13200000;3789736218;Entertainment
Vilmei;13200000;4205664894;nan
MC Divertida;13200000;5224764969;Entertainment
The Infographics Show;13200000;5263540904;Education
jbalvinVEVO;13200000;20743586601;Music
ýýýýýýTwinsFromRussia;13200000;9378175604;People & Blogs
Technology Gyan;13200000;1138262456;Science & Technology
CookingShooking Hindi;13200000;1758603195;People & Blogs
Ryan Trahan;13100000;2182651464;Entertainment
Alex Gonzaga Official;13100000;1401914513;People & Blogs
WiederDude;13100000;2733682792;nan
Ian Boggs;13100000;9110348202;Entertainment
Lokdhun Punjabi;13100000;4712624489;Music
Knowledge Tv ï¿½ï¿½ï¿½ï¿½ï¿½ï¿½;13100000;1936582704;People & Blogs
Painzeiro;13100000;2555801802;People & Blogs
Peppa Pig em Portuguï¿½ï¿½ï¿½ï¿½ï¿½ï¿½ï¿½ï¿½ï¿;13100000;4214172991;Film & Animation
ýýýýýýýýýýýýýýý Ms Yeah;13100000;4399833602;People & Blogs
Hungria Hip Hop;13100000;4608751851;Music
RaptorGamer;13100000;2879263916;People & Blogs
RedeTV;13100000;5333569294;Entertainment
twenty one pilots;13100000;5264039679;Music
DJ Khaled;13100000;6637820731;Music
Davie504;13000000;2683297849;Entertainment
Everson Zoio;13000000;1024467771;Comedy
Calon Sarjana;13000000;10664585;Entertainment
Lofi Girl;13000000;1698279553;Music
Jomy Production;13000000;5057163256;Entertainment
GH'S;13000000;8739174649;Gaming
JesseAndMike;13000000;9999238237;Entertainment
Wolfoo Channel;13000000;301547793;nan
Susy Mouriz;13000000;6270909026;Entertainment
7 Minutoz;13000000;4349562794;Music
The LaBrant Fam;13000000;4637474071;Comedy
Pastor Antï¿½ï¿½ï¿½ï¿½ï;12900000;2112274210;People & Blogs
Matheus Yurley;12900000;140022442;Entertainment
gymvirtual;12900000;2509752944;Sports
BIBOï¿½ï¿½ï¿½ï¿½ï;12900000;3178222797;Entertainment
Top Viral Talent;12900000;3643698504;Entertainment
Akon;12900000;6300933122;Music
AlArabiya ï¿½ï¿½ï¿½ï¿½ï¿;12900000;7520379951;People & Blogs
Rauw Alejandro;12900000;11504090820;Music
EnriqueIglesiasVEVO;12900000;15446707595;Music
ýýýýýýýý ýýýý ýýýýýýýýýýýýýý;12900000;5585085130;Shows
The Shiny Peanut;12900000;2848466522;Education
Talking Angela;12800000;3632438963;Entertainment
Melon City Show - ï¿½ï¿½ï¿½ï¿½ï¿½ï¿½ï¿½ï¿½ï¿½ï¿½ï¿;12800000;5863456698;Comedy
Duo Tiempo De Sol;12800000;6662288136;Music
Troom Troom India;12800000;6804072897;Howto & Style
MrSuicideSheep;12800000;6970899521;Entertainment
Adam W;12800000;9502983550;Comedy
Right to Shiksha;12800000;7876740921;Education
Beyoncï¿½ï¿½;12800000;14185611472;Music
FACT FIRE KING;12700000;1159290255;nan
Ian Lucas;12700000;1450874545;Entertainment
Franco Escamilla;12700000;4266957149;Comedy
Adexe & Nau;12700000;4579773883;Music
Diana and Roma IND;12700000;5567832210;nan
Jass Records;12700000;5958994201;Music
Future;12700000;9927699419;Music
YoungBoy Never Broke Again;12700000;13174393401;Entertainment
Blossom;12700000;4733873025;Howto & Style
#Refï¿½ï¿½ï¿½ï¿½;12700000;2709954270;Entertainment
Piuzinho;12700000;1081285962;Gaming
Heidi y Zidane;12700000;6001189018;nan
Go Ami Go!;12700000;1714955279;People & Blogs
Morgz;12600000;3303595310;Gaming
CaseyNeistat;12600000;3152402405;People & Blogs
ýýýýýýýýýSULGI;12600000;3485373675;People & Blogs
NickiMinajAtVEVO;12600000;8831179714;Music
Ellie Goulding;12600000;6969178081;Music
colinfurze;12500000;1612094871;Entertainment
People Vs Food;12500000;1136534702;Entertainment
Wolfoo Family;12500000;161254021;nan
Ja Mill;12500000;1302818088;People & Blogs
Health Time;12500000;1002219689;Howto & Style
Yair17;12500000;1402042328;Gaming
Little Baby Bum en Espaï¿½ï;12500000;6956320454;Education
First We Feast;12500000;2983799729;Howto & Style
Mï¿½ï¿½ï¿½ï¿½;12500000;3140883140;Travel & Events
Bebefinn - Nursery Rhymes & Kids Songs;12500000;4163639093;nan
Troom Troom PT;12500000;4384177908;Howto & Style
Parafernalha;12500000;4625777945;Entertainment
NDTV;12500000;4935793409;Entertainment
elcarteldesantatv;12500000;7489455451;Music
Family Fitness;12500000;10384848759;Entertainment
Zee Tamil;12500000;11552190002;Entertainment
Flowers Comedy;12500000;11691081301;Entertainment
Mundo Bita;12500000;16690788752;Music
Wave Music Bhakti;12500000;5146004207;Music
Troom Troom Indonesia;12500000;5379684248;People & Blogs
CKM;12500000;4465772496;Comedy
Quantum Tech HD;12500000;4340213066;Science & Technology
_vector_;12400000;7597013023;Comedy
DEV Ke Facts;12400000;1971226335;nan
Hero Movies 2023;12400000;1689090619;People & Blogs
LOUD;12400000;2394143260;Gaming
Gibby :);12400000;2862685032;People & Blogs
Gustavo Parï¿½ï¿½;12400000;2602614088;Comedy
SAAIHALILINTAR;12400000;1113066203;Entertainment
Timba Vk;12400000;2840137980;Gaming
Heidi and Zidane HZHtube;12400000;4021409291;Entertainment
DaniRep | +6 Vï¿½ï¿½ï¿½ï¿½ï¿½ï¿½ï¿½ï¿½ï¿½ï¿½ï;12400000;6933660906;Gaming
Zee Kids;12400000;7683670251;Film & Animation
Pari's Lifestyle;12400000;7741764747;People & Blogs
DisneyChannelUK;12400000;12607488647;Music
MoniLina;12400000;16086808918;Comedy
bharatzkitchen HINDI;12400000;2315226648;Howto & Style
TKOR;12400000;3392022527;Education
ANNA KOVA;12400000;13959586308;People & Blogs
Avril Lavigne;12400000;6202090191;Music
Caylus;12400000;4779139505;Education
Migos ATL;12400000;6993406259;Music
Natan por Aï¿;12300000;9029609749;Sports
Free Fire India Official;12300000;1674409945;People & Blogs
Panda;12300000;2214684303;nan
RobTopGames;12300000;374123483;Gaming
Make Joke Of;12300000;2129773714;Comedy
